{"__type__":"cc.AnimationClip","_name":"soft","_duration":0.3333333333333333,"curveData":{"props":{"position":[{"frame":0,"value":[-746,69]},{"frame":0.3333333333333333,"value":[45,69]}],"scaleX":[{"frame":0,"value":0},{"frame":0.3333333333333333,"value":1}],"scaleY":[{"frame":0,"value":0},{"frame":0.3333333333333333,"value":1}]}}}