{"__type__":"cc.AnimationClip","_name":"works","_duration":0.3333333333333333,"curveData":{"props":{"position":[{"frame":0,"value":[844,-39]},{"frame":0.3333333333333333,"value":[-13,-39]}],"scaleX":[{"frame":0,"value":0},{"frame":0.3333333333333333,"value":1}],"scaleY":[{"frame":0,"value":0},{"frame":0.3333333333333333,"value":1}]}}}